Question,Answer
What is the purpose of feature engineering in machine learning?,"Feature engineering involves selecting, transforming, or creating new features from the raw data to improve the performance of machine learning models by making them more expressive, informative, and suitable for the task at hand."
What are some common techniques for feature engineering?,"Common techniques include one-hot encoding for categorical variables, scaling numerical features, creating interaction terms, binning or discretizing continuous variables, and extracting features from text or images using techniques like TF-IDF or CNNs."
What is the difference between batch processing and real-time processing?,"Batch processing involves processing data in large, discrete batches or groups, typically on a scheduled or periodic basis, while real-time processing involves handling data as soon as it is generated or received, often requiring low-latency and immediate responses."
What is natural language processing (NLP)?,"Natural language processing is a field of artificial intelligence that focuses on enabling computers to understand, interpret, and generate human language, including tasks such as text classification, sentiment analysis, machine translation, and question answering."
What is sentiment analysis?,"Sentiment analysis is the task of automatically determining the sentiment or emotion expressed in a piece of text, often classified as positive, negative, or neutral, and used in applications such as social media monitoring, customer feedback analysis, and market research."
What is transfer learning in NLP?,"Transfer learning in NLP involves leveraging pre-trained language models, such as BERT or GPT, trained on large corpora of text data, and fine-tuning them on specific tasks or domains with smaller datasets to achieve better performance and faster convergence."
What is named entity recognition (NER)?,"Named entity recognition is a subtask of information extraction that involves identifying and classifying named entities (e.g., persons, organizations, locations) mentioned in text documents, which is useful for tasks such as entity linking and relation extraction."
What are some challenges in working with unstructured data?,"Challenges include extracting meaningful information from unstructured text, handling noisy or inconsistent data, dealing with large volumes of data, and ensuring privacy and security when working with sensitive information."
What is collaborative filtering in recommendation systems?,"Collaborative filtering is a technique used in recommendation systems to generate personalized recommendations by analyzing similarities and patterns in users' behavior or preferences, often based on user-item interactions or user-user similarity."
What are some evaluation metrics used in recommendation systems?,"Evaluation metrics include precision, recall, F1 score, Mean Absolute Error (MAE), Root Mean Squared Error (RMSE), and ranking-based metrics like Mean Average Precision (MAP) and Normalized Discounted Cumulative Gain (NDCG)."
What is deep reinforcement learning?,"Deep reinforcement learning is a branch of machine learning that combines deep learning techniques with reinforcement learning principles to enable agents to learn optimal decision-making policies by interacting with an environment and receiving feedback in the form of rewards."
What is the Markov Decision Process (MDP)?,"The Markov Decision Process is a mathematical framework used to model sequential decision-making problems, where an agent takes actions in an environment to maximize cumulative rewards, while satisfying the Markov property (future states depend only on the current state and action)."
What is policy gradient in reinforcement learning?,"Policy gradient methods are a class of reinforcement learning algorithms that directly optimize the policy (the agent's strategy or behavior) by estimating gradients of expected rewards with respect to the policy parameters, typically using techniques like stochastic gradient ascent."
What is a convolutional neural network (CNN)?,"A convolutional neural network is a type of deep learning model designed for processing structured grid-like data, such as images, by applying convolutional filters to extract spatial hierarchies of features and pooling layers to reduce spatial dimensions while preserving important information."
What is data augmentation in deep learning?,"Data augmentation is a technique used to artificially increase the size and diversity of training datasets by applying transformations such as rotation, translation, scaling, cropping, or flipping to input data, which can improve model generalization and robustness."
What is sequence-to-sequence learning?,"Sequence-to-sequence learning is a type of model architecture used for tasks involving input and output sequences of variable lengths, such as machine translation, summarization, and speech recognition, typically implemented using recurrent neural networks (RNNs) or transformers."
What is attention mechanism in deep learning?,"Attention mechanism is a mechanism used in neural networks to selectively focus on relevant parts of the input data while processing sequences, enabling the model to learn to weigh different input elements dynamically and attend to the most informative parts."
What are some common optimization algorithms used in deep learning?,"Common optimization algorithms include stochastic gradient descent (SGD), Adam, RMSprop, and Adagrad, each with different update rules and learning rate adaptation strategies to optimize the model parameters efficiently."
What is semi-supervised learning?,"Semi-supervised learning is a machine learning paradigm that combines labeled and unlabeled data to improve model performance, often by leveraging the inherent structure or relationships in the data to semi-supervised learning algorithms."
What is self-supervised learning?,"Self-supervised learning is a form of unsupervised learning where the model learns to predict or generate certain properties or features of the input data itself, without requiring external labels or annotations, often used as a pretraining step for downstream tasks."
What is reinforcement learning?,"Reinforcement learning is a type of machine learning where an agent learns to make sequential decisions by interacting with an environment to maximize cumulative rewards, based on feedback received through trial and error."
What is Q-learning?,"Q-learning is a model-free reinforcement learning algorithm used to learn optimal action-selection policies for Markov Decision Processes (MDPs) by estimating the quality (Q-value) of taking a particular action in a given state and updating the Q-values iteratively based on observed rewards and transitions."
What is the exploration-exploitation tradeoff in reinforcement learning?,"The exploration-exploitation tradeoff refers to the dilemma faced by reinforcement learning agents between exploring unknown actions or states to discover potentially better strategies (exploration) and exploiting known strategies to maximize immediate rewards (exploitation)."
What is the Bellman equation in reinforcement learning?,"The Bellman equation is a fundamental equation in dynamic programming and reinforcement learning that expresses the value of a state or state-action pair in terms of the expected immediate reward and the value of the next state or next state-action pair."
What is the difference between on-policy and off-policy learning in reinforcement learning?,"On-policy learning involves learning the value or policy while following the current policy, while off-policy learning involves learning the value or policy while following a different behavior policy, often leading to more efficient exploration and better sample efficiency."
What is data science?,"Data science is an interdisciplinary field that uses scientific methods, algorithms, processes, and systems to extract insights and knowledge from structured and unstructured data."
What are the main components of the data science process?,"The main components include data collection, data cleaning and preprocessing, exploratory data analysis, modeling, evaluation, and deployment."
What is the difference between supervised and unsupervised learning?,"In supervised learning, the model is trained on labeled data, where the output is known, while in unsupervised learning, the model is trained on unlabeled data, and it tries to find patterns or structures in the data."
What is overfitting in machine learning?,"Overfitting occurs when a model learns the details and noise in the training data to the extent that it negatively impacts its performance on unseen data."
How do you handle missing data in a dataset?,"Missing data can be handled by techniques such as imputation, where missing values are replaced with estimated values based on the remaining data, or by removing rows or columns with missing values."
Explain the curse of dimensionality.,"The curse of dimensionality refers to the increased difficulty of analyzing and processing data as the number of features or dimensions increases, leading to sparsity and computational challenges."
What is regularization in machine learning?,"Regularization is a technique used to prevent overfitting by adding a penalty term to the loss function, which discourages the model from learning overly complex patterns."
What is the purpose of cross-validation?,"Cross-validation is used to assess the generalization performance of a model by partitioning the data into multiple subsets, training the model on some subsets, and evaluating it on the remaining subsets."
What are some common algorithms used in supervised learning?,"Common algorithms include linear regression, logistic regression, decision trees, random forests, support vector machines, and neural networks."
What is the difference between classification and regression?,"Classification is a task where the goal is to predict the category or class label of an input, while regression is a task where the goal is to predict a continuous numerical value."
How does regularization prevent overfitting in neural networks?,"Regularization techniques such as L1 and L2 regularization add penalty terms to the neural network's loss function, which discourages overly complex weight configurations and helps prevent overfitting."
What is the purpose of activation functions in neural networks?,"Activation functions introduce nonlinearity to neural networks, allowing them to learn complex patterns and relationships in the data by transforming the input signal from each neuron into an output signal."
What is the ROC curve?,"The ROC (Receiver Operating Characteristic) curve is a graphical plot that illustrates the performance of a binary classifier at various threshold settings by plotting the true positive rate against the false positive rate."
What is the F1 score?,"The F1 score is the harmonic mean of precision and recall, providing a single metric that balances both measures, making it useful for evaluating classification models, especially when there is class imbalance."
What is the purpose of dimensionality reduction techniques?,"Dimensionality reduction techniques are used to reduce the number of features or dimensions in a dataset while preserving its important information, which can help improve the performance and efficiency of machine learning algorithms."
Explain the difference between PCA and t-SNE.,"PCA (Principal Component Analysis) is a linear dimensionality reduction technique that seeks to maximize variance, while t-SNE (t-Distributed Stochastic Neighbor Embedding) is a nonlinear technique that focuses on preserving local relationships between data points."
What is K-means clustering?,"K-means clustering is an unsupervised learning algorithm used to partition a dataset into K clusters based on similarities in the data points' features, with the goal of minimizing the within-cluster sum of squares."
What is the elbow method used for in K-means clustering?,"The elbow method is used to determine the optimal number of clusters (K) in K-means clustering by plotting the within-cluster sum of squares against the number of clusters and selecting the point where the rate of decrease sharply changes (the ""elbow"" point)."
What is outlier detection?,"Outlier detection is the process of identifying data points or observations that deviate significantly from the rest of the dataset, which may indicate errors, anomalies, or interesting patterns."
How does regularization prevent overfitting in neural networks?,"Regularization techniques such as L1 and L2 regularization add penalty terms to the neural network's loss function, which discourages overly complex weight configurations and helps prevent overfitting."
What is the purpose of activation functions in neural networks?,"Activation functions introduce nonlinearity to neural networks, allowing them to learn complex patterns and relationships in the data by transforming the input signal from each neuron into an output signal."
What are the advantages of deep learning over traditional machine learning algorithms?,"Deep learning models, particularly neural networks, can automatically learn hierarchical representations of data, handle large and complex datasets, and often achieve state-of-the-art performance in tasks such as image recognition and natural language processing."
What is backpropagation?,"Backpropagation is a supervised learning algorithm used to train neural networks by iteratively adjusting the weights of connections between neurons in the network based on the error between predicted and actual outputs."
What is transfer learning?,"Transfer learning is a machine learning technique where a model trained on one task is reused or adapted for a related task, often resulting in faster training and better performance, especially when the amount of labeled data for the target task is limited."
How do you evaluate the performance of a regression model?,"Performance metrics for regression models include Mean Absolute Error (MAE), Mean Squared Error (MSE), Root Mean Squared Error (RMSE), R-squared (coefficient of determination), and others."
What is the purpose of the A/B test in data science?,"A/B testing is a statistical hypothesis testing method used to compare two or more versions of a product, webpage, or other elements to determine which one performs better in terms of predefined metrics."
What is the Central Limit Theorem?,"The Central Limit Theorem states that the sampling distribution of the sample mean approaches a normal distribution as the sample size increases, regardless of the shape of the population distribution, under certain conditions."
What is the difference between correlation and causation?,"Correlation measures the strength and direction of the relationship between two variables, while causation indicates that changes in one variable directly cause changes in another variable."
What is Bayesian inference?,"Bayesian inference is a statistical approach that uses Bayes' theorem to update the probability of a hypothesis or belief based on new evidence or observations, incorporating prior knowledge and uncertainty into the analysis."
What is the purpose of hypothesis testing?,"Hypothesis testing is used to make inferences or decisions about a population parameter based on sample data, by testing a null hypothesis against an alternative hypothesis using statistical methods."
What is regularization in linear regression?,"Regularization in linear regression involves adding a penalty term to the ordinary least squares (OLS) loss function to prevent overfitting, with common regularization techniques including Ridge regression (L2 regularization) and Lasso regression (L1 regularization)."
What are the assumptions of linear regression?,"The assumptions of linear regression include linearity between the independent and dependent variables, homoscedasticity (constant variance of errors), independence of errors, and normality of error terms."
What is the difference between Type I and Type II errors?,"Type I error occurs when a true null hypothesis is rejected (false positive), while Type II error occurs when a false null hypothesis is not rejected (false negative)."
What is the p-value in hypothesis testing?,"The p-value is the probability of observing a test statistic as extreme as, or more extreme than, the one observed, assuming that the null hypothesis is true. It is used to assess the strength of evidence against the null hypothesis."
What is the bias-variance tradeoff?,"The bias-variance tradeoff refers to the compromise between bias (error due to overly simplistic assumptions) and variance (error due to sensitivity to fluctuations in the training data) in machine learning models, where reducing one typically increases the other."
What is the difference between bagging and boosting?,"Bagging (Bootstrap Aggregating) is an ensemble learning technique that combines multiple models trained on different subsets of the training data, while boosting is a technique that iteratively improves the performance of a weak learner by focusing on the training instances that are hard to classify."
What is the purpose of cross-validation in model evaluation?,"Cross-validation is used to assess the performance of a machine learning model by partitioning the dataset into multiple subsets, training the model on some subsets, and evaluating it on the remaining subsets to obtain more reliable performance estimates."
What is the difference between stratified sampling and random sampling?,"Stratified sampling involves dividing the population into homogeneous subgroups (strata) and then sampling from each stratum proportionally to its size, while random sampling involves randomly selecting individuals from the population without regard to any stratification."
What is ensemble learning?,"Ensemble learning is a machine learning technique that combines multiple models (learners) to improve performance, robustness, or generalization by averaging predictions or using more complex combination strategies."
What is the difference between variance and standard deviation?,"Variance measures the average squared deviation from the mean of a set of values, while standard deviation measures the average deviation from the mean, providing a measure of the dispersion or spread of the data."
What is the difference between a decision tree and a random forest?,"A decision tree is a simple, interpretable tree-like structure that recursively splits the data based on features, while a random forest is an ensemble of decision trees that aggregates their predictions to improve performance and reduce overfitting."
What is the difference between batch gradient descent and stochastic gradient descent?,"Batch gradient descent updates the model parameters using the gradients computed from the entire training dataset in each iteration, while stochastic gradient descent updates the parameters using the gradients computed from a single randomly chosen sample in each iteration, making it faster but more noisy."
What is the role of activation functions in neural networks?,"Activation functions introduce nonlinearity to neural networks, allowing them to learn complex patterns and relationships in the data by transforming the input signal from each neuron into an output signal."
What is dropout regularization in neural networks?,"Dropout regularization is a technique used to prevent overfitting in neural networks by randomly deactivating (setting to zero) a fraction of neurons in each training iteration, forcing the network to learn more robust and generalizable representations."
What is batch normalization in neural networks?,"Batch normalization is a technique used to normalize the activations of each layer in a neural network by adjusting and scaling them to have zero mean and unit variance, which can accelerate training and improve model performance."
What is the difference between L1 and L2 regularization?,"L1 regularization (Lasso) adds a penalty term proportional to the absolute value of the weights, encouraging sparsity and feature selection, while L2 regularization (Ridge) adds a penalty term proportional to the square of the weights, encouraging smaller weights and reducing overfitting."
What is the purpose of a confusion matrix in classification?,"A confusion matrix is a table that summarizes the performance of a classification model by comparing predicted class labels with actual class labels, showing the counts of true positives, true negatives, false positives, and false negatives."
What is the softmax function?,"The softmax function is a generalization of the logistic function that maps a vector of real numbers to a probability distribution over multiple classes, ensuring that the output values sum to one and represent the probabilities of each class."
What is the Kullback-Leibler (KL) divergence?,"The Kullback-Leibler divergence is a measure of the difference between two probability distributions, used in information theory and statistics to quantify the amount of information lost when one distribution is used to approximate another."
What is the difference between batch normalization and layer normalization in neural networks?,"Batch normalization normalizes the activations of each layer across the batch dimension, while layer normalization normalizes the activations across the feature dimension, making it more suitable for recurrent neural networks and other architectures with variable-length sequences."
What is unsupervised learning?,"Unsupervised learning is a type of machine learning where the model is trained on unlabeled data, and it seeks to find patterns or structures in the data without explicit supervision."
What are the main types of unsupervised learning techniques?,"The main types include clustering, dimensionality reduction, and association rule learning."
What is clustering?,"Clustering is an unsupervised learning technique used to group similar data points together based on their features or characteristics."
What are the common clustering algorithms?,"Common clustering algorithms include K-means clustering, hierarchical clustering, DBSCAN, and Gaussian mixture models (GMM)."
What is K-means clustering?,"K-means clustering is an iterative algorithm that partitions a dataset into K clusters by minimizing the within-cluster sum of squares, where each data point belongs to the cluster with the nearest mean (centroid)."
What is hierarchical clustering?,"Hierarchical clustering is an algorithm that creates a hierarchy of clusters by recursively merging or splitting clusters based on their similarity or dissimilarity."
What is DBSCAN clustering?,"DBSCAN (Density-Based Spatial Clustering of Applications with Noise) is a density-based clustering algorithm that groups together data points that are closely packed, while marking outliers as noise."
What is dimensionality reduction?,"Dimensionality reduction is the process of reducing the number of features or dimensions in a dataset while preserving its important information, often used for visualization or data compression."
What are the common dimensionality reduction techniques?,"Common techniques include Principal Component Analysis (PCA), t-Distributed Stochastic Neighbor Embedding (t-SNE), and Singular Value Decomposition (SVD)."
What is PCA (Principal Component Analysis)?,"PCA is a linear dimensionality reduction technique that transforms the original features into a lower-dimensional space while preserving the maximum variance in the data."
What is t-SNE (t-Distributed Stochastic Neighbor Embedding)?,"t-SNE is a nonlinear dimensionality reduction technique that focuses on preserving local relationships between data points in a lower-dimensional space, often used for visualizing high-dimensional data."
What is Singular Value Decomposition (SVD)?,"SVD is a matrix factorization technique used to decompose a matrix into the product of three matrices, which can be used for dimensionality reduction, data compression, and matrix approximation."
What is association rule learning?,"Association rule learning is a type of unsupervised learning used to discover interesting associations or relationships between variables in large datasets, commonly used in market basket analysis and recommendation systems."
What are the common association rule learning algorithms?,"Common algorithms include Apriori and FP-Growth."
What is the Apriori algorithm?,"The Apriori algorithm is a classic algorithm for mining frequent itemsets and generating association rules, based on the principle of the Apriori property and candidate generation."
What is FP-Growth?,"FP-Growth (Frequent Pattern Growth) is an efficient algorithm for mining frequent itemsets and generating association rules without candidate generation, using a compact data structure called FP-tree."
What is anomaly detection?,"Anomaly detection, also known as outlier detection, is the process of identifying data points or observations that deviate significantly from the rest of the dataset, which may indicate errors, anomalies, or interesting patterns."
What are the common anomaly detection techniques?,"Common techniques include statistical methods, density-based methods, distance-based methods, and machine learning-based methods such as Isolation Forest and One-Class SVM."
What is Isolation Forest?,"Isolation Forest is an unsupervised learning algorithm for anomaly detection that isolates anomalies by recursively partitioning the dataset into subsets using random splits, making anomalies easier to isolate than normal data points."
What is One-Class SVM?,"One-Class Support Vector Machine (SVM) is a machine learning algorithm for anomaly detection that learns a boundary around normal data points in the feature space and identifies anomalies as data points lying outside this boundary."
What is the purpose of density estimation?,"Density estimation is the process of estimating the probability density function of a random variable from a set of data points, often used in clustering, anomaly detection, and generative modeling."
What are the common density estimation techniques?,"Common techniques include histogram-based methods, kernel density estimation (KDE), Gaussian mixture models (GMM), and Parzen window estimation."
What is the Gaussian Mixture Model (GMM)?,"Gaussian Mixture Model (GMM) is a probabilistic model used for density estimation and clustering, assuming that the data is generated from a mixture of several Gaussian distributions."
What is the Expectation-Maximization (EM) algorithm?,"The Expectation-Maximization (EM) algorithm is an iterative optimization algorithm used to estimate the parameters of probabilistic models with latent variables, such as Gaussian mixture models (GMM), by iteratively computing the expected values of the latent variables and maximizing the likelihood function."
What is the difference between generative and discriminative models?,"Generative models learn the joint probability distribution of the input features and the output labels, while discriminative models learn the conditional probability distribution of the output labels given the input features."
What is the purpose of generative modeling?,"Generative modeling is used to model the underlying structure of the data and generate new samples from the learned distribution, often used in tasks such as image generation, text generation, and data augmentation."
What are the common generative modeling techniques?,"Common techniques include Variational Autoencoders (VAEs), Generative Adversarial Networks (GANs), and Restricted Boltzmann Machines (RBMs)."
What is a Variational Autoencoder (VAE)?,"A Variational Autoencoder (VAE) is a type of generative model that learns to encode and decode data into a lower-dimensional latent space while maximizing a variational lower bound on the likelihood of the data."
What is a Generative Adversarial Network (GAN)?,"A Generative Adversarial Network (GAN) is a type of generative model that consists of two neural networks, a generator and a discriminator, which are trained adversarially to generate realistic samples from a learned distribution."
What is a Restricted Boltzmann Machine (RBM)?,"A Restricted Boltzmann Machine (RBM) is a generative stochastic neural network used for dimensionality reduction, feature learning, and collaborative filtering, based on the Boltzmann distribution and Gibbs sampling."
What is the purpose of self-organizing maps (SOMs)?,"Self-organizing maps (SOMs) are a type of unsupervised neural network used for dimensionality reduction and visualization of high-dimensional data, by mapping the input space onto a lower-dimensional grid of neurons while preserving the topological properties of the input space."
What is the difference between generative and discriminative clustering algorithms?,"Generative clustering algorithms model the probability distribution of the data, while discriminative clustering algorithms directly optimize a criterion function to partition the data into clusters."
What is the purpose of data preprocessing in unsupervised learning?,"Data preprocessing is used to prepare the raw data for analysis by cleaning, transforming, and scaling the features, which can improve the performance and effectiveness of unsupervised learning algorithms."
What are the common data preprocessing techniques in unsupervised learning?,"Common techniques include handling missing values, feature scaling, feature encoding, dimensionality reduction, and outlier detection."
What is feature scaling?,"Feature scaling is the process of standardizing or normalizing the range of independent variables or features in the data to a similar scale, which can improve the performance and convergence of unsupervised learning algorithms."
What is feature encoding?,"Feature encoding is the process of converting categorical or nominal features into a numerical representation that can be used as input to machine learning algorithms, such as one-hot encoding and label encoding."
What is anomaly detection?,"Anomaly detection, also known as outlier detection, is the process of identifying data points or observations that deviate significantly from the rest of the dataset, which may indicate errors, anomalies, or interesting patterns."
What are the common anomaly detection techniques?,"Common techniques include statistical methods, density-based methods, distance-based methods, and machine learning-based methods such as Isolation Forest and One-Class SVM."
What is Isolation Forest?,"Isolation Forest is an unsupervised learning algorithm for anomaly detection that isolates anomalies by recursively partitioning the dataset into subsets using random splits, making anomalies easier to isolate than normal data points."
What is One-Class SVM?,"One-Class Support Vector Machine (SVM) is a machine learning algorithm for anomaly detection that learns a boundary around normal data points in the feature space and identifies anomalies as data points lying outside this boundary."
What is the purpose of density estimation?,"Density estimation is the process of estimating the probability density function of a random variable from a set of data points, often used in clustering, anomaly detection, and generative modeling."
What are the common density estimation techniques?,"Common techniques include histogram-based methods, kernel density estimation (KDE), Gaussian mixture models (GMM), and Parzen window estimation."
What is the Gaussian Mixture Model (GMM)?,"Gaussian Mixture Model (GMM) is a probabilistic model used for density estimation and clustering, assuming that the data is generated from a mixture of several Gaussian distributions."
What is the Expectation-Maximization (EM) algorithm?,"The Expectation-Maximization (EM) algorithm is an iterative optimization algorithm used to estimate the parameters of probabilistic models with latent variables, such as Gaussian mixture models (GMM), by iteratively computing the expected values of the latent variables and maximizing the likelihood function."
What is reinforcement learning?,"Reinforcement learning is a type of machine learning where an agent learns to make decisions by interacting with an environment, receiving feedback in the form of rewards or punishments."
What are the main components of reinforcement learning?,"The main components include the agent, the environment, actions, states, rewards, and the policy."
What is an agent in reinforcement learning?,"An agent is the entity that learns to make decisions in a reinforcement learning setting, typically represented by an algorithm or a program."
What is an environment in reinforcement learning?,"An environment is the external system or process with which the agent interacts, and it determines the agent's possible states and the outcomes of its actions."
What is a state in reinforcement learning?,"A state is a representation of the current situation or configuration of the environment, which provides the necessary information for the agent to make decisions."
What is an action in reinforcement learning?,"An action is a decision or choice made by the agent that affects the state of the environment and transitions the agent to a new state."
What is a reward in reinforcement learning?,"A reward is a numerical signal provided by the environment to the agent to evaluate the goodness or desirability of its actions, with the goal of maximizing cumulative reward over time."
What is the policy in reinforcement learning?,"The policy is the strategy or rule that the agent uses to select actions in a given state, mapping states to actions or probability distributions over actions."
What is exploration in reinforcement learning?,"Exploration is the process of actively seeking new or unknown states or actions to improve the agent's understanding of the environment and potentially discover better policies."
What is the policy in reinforcement learning?,"The policy is the strategy or rule that the agent uses to select actions in a given state, mapping states to actions or probability distributions over actions."
What is exploration in reinforcement learning?,"Exploration is the process of actively seeking new or unknown states or actions to improve the agent's understanding of the environment and potentially discover better policies."
What is exploitation in reinforcement learning?,"Exploitation is the process of selecting actions that the agent believes will lead to the highest immediate reward based on its current knowledge or policy."
What is the exploration-exploitation trade-off in reinforcement learning?,"The exploration-exploitation trade-off refers to the dilemma faced by agents in balancing the need to explore new options with the desire to exploit known options for immediate rewards, to achieve long-term optimal performance."
What are the common algorithms used in reinforcement learning?,"Common algorithms include Q-learning, SARSA, Deep Q-Networks (DQN), Policy Gradient methods, and Actor-Critic methods."
What is Q-learning?,"Q-learning is a model-free reinforcement learning algorithm that learns the optimal action-value function (Q-function) by iteratively updating estimates of the Q-values based on observed rewards and transitions."
What is SARSA?,"SARSA is a model-free reinforcement learning algorithm similar to Q-learning but updates the action-value function (Q-function) based on the observed rewards and transitions for the current state-action pair and the next state-action pair."
What are Deep Q-Networks (DQN)?,"Deep Q-Networks (DQN) are a class of reinforcement learning algorithms that use deep neural networks to approximate the action-value function (Q-function), enabling learning from high-dimensional sensory inputs such as images."
What are Policy Gradient methods?,"Policy Gradient methods are a class of reinforcement learning algorithms that directly learn the policy function, typically using gradient ascent on a parameterized policy to maximize expected cumulative rewards."
What are Actor-Critic methods?,"Actor-Critic methods are a class of reinforcement learning algorithms that combine the benefits of both policy gradient methods (actor) and value-based methods (critic) by simultaneously learning a policy and a value function."
What is the Bellman equation?,"The Bellman equation is a fundamental equation in reinforcement learning that decomposes the value of a state into the immediate reward plus the discounted value of the next state, forming the basis for iterative value estimation and policy improvement."
What is the Markov Decision Process (MDP)?,"The Markov Decision Process (MDP) is a mathematical framework used to model sequential decision-making problems in reinforcement learning, consisting of states, actions, transition probabilities, and rewards, with the Markov property."
What is the Markov property?,"The Markov property states that the future state of a system depends only on the current state and the action taken, independent of the past history of states and actions, making it a memoryless property."
What is the value function in reinforcement learning?,"The value function is a function that estimates the expected cumulative reward or utility of being in a given state or taking a given action in a reinforcement learning problem, guiding the agent's decision-making process."
What is the policy iteration algorithm?,"Policy iteration is an iterative algorithm for finding the optimal policy in reinforcement learning, alternating between policy evaluation (estimating the value function for a given policy) and policy improvement (updating the policy to be greedy with respect to the current value function)."
What is the value iteration algorithm?,"Value iteration is an iterative algorithm for finding the optimal value function in reinforcement learning, repeatedly applying the Bellman backup operator to update the value estimates until convergence."
What is temporal difference (TD) learning?,"Temporal difference (TD) learning is a learning method used in reinforcement learning that updates value estimates based on the difference between the estimated value of the current state and the estimated value of the next state, bootstrapping on current estimates."
What is Monte Carlo reinforcement learning?,"Monte Carlo reinforcement learning is a learning method that estimates the value function by averaging the cumulative rewards obtained from complete episodes (trajectories) of interaction with the environment, without bootstrapping or assuming knowledge of the environment's dynamics."
What is the eligibility trace?,"The eligibility trace is a mechanism used in reinforcement learning algorithms, such as TD(Î»), to assign credit or blame to past states and actions based on their contribution to observed rewards, allowing for more efficient credit assignment and learning."
What is function approximation in reinforcement learning?,"Function approximation is the use of parameterized functions, such as neural networks, to represent value functions, policies, or other components of reinforcement learning algorithms, enabling learning from high-dimensional and continuous state and action spaces."
What is off-policy learning?,"Off-policy learning is a learning method in reinforcement learning where the agent learns the value function or policy based on the experiences collected from a different (potentially stochastic) behavior policy than the one being updated."
What is on-policy learning?,"On-policy learning is a learning method in reinforcement learning where the agent learns the value function or policy based on experiences collected from the same target policy that is being updated, typically using the collected experiences in a sampled or sequential manner."
What is the advantage function in reinforcement learning?,"The advantage function is a function used in actor-critic methods to estimate the advantage of taking a specific action in a given state compared to the average value of all actions in that state, helping to guide policy updates."
What is the exploration-exploitation dilemma in reinforcement learning?,"The exploration-exploitation dilemma refers to the challenge faced by agents in balancing the need to explore new actions or states to discover optimal policies with the desire to exploit known actions or states for immediate rewards, to achieve long-term optimal performance."
What is the discount factor in reinforcement learning?,"The discount factor is a parameter used in reinforcement learning algorithms to discount future rewards relative to immediate rewards, representing the agent's preference for immediate rewards over delayed rewards and affecting the agent's temporal decision-making."
What is the role of rewards in reinforcement learning?,"Rewards in reinforcement learning serve as signals that provide feedback to the agent about the desirability or goodness of its actions, guiding the agent's learning process and influencing its policy decisions."
What is the policy gradient in reinforcement learning?,"The policy gradient is a method used to update the policy parameters in reinforcement learning algorithms that directly learn a policy, typically by computing the gradient of a performance objective (e.g., expected cumulative reward) with respect to the policy parameters and performing gradient ascent."
What is the advantage of deep reinforcement learning?,"Deep reinforcement learning combines the benefits of reinforcement learning algorithms with deep neural networks, enabling learning from high-dimensional sensory inputs and complex state and action spaces, allowing for more scalable and flexible learning."
What are some applications of reinforcement learning?,"Reinforcement learning is applied in various domains, including robotics, autonomous vehicles, game playing, recommendation systems, finance, healthcare, and natural language processing."
What is policy search in reinforcement learning?,"Policy search is a reinforcement learning approach that directly optimizes the policy function, typically using optimization techniques such as gradient descent or evolutionary algorithms to search for the best policy parameters."



